{"cameraMode":{"drawMode":0,"name":"Shaded","section":"Shading Mode"},"sceneLighting":true,"audioPlay":false,"sceneViewState":{"m_AlwaysRefresh":false,"showFog":true,"showSkybox":true,"showFlares":true,"showImageEffects":true,"showParticleSystems":true,"showVisualEffectGraphs":true,"m_FxEnabled":true},"in2DMode":false,"pivot":{"x":3.4479894638061525,"y":2.9498233795166017,"z":4.1033830642700199},"rotation":{"x":0.10457450151443482,"y":-0.8940162062644959,"z":0.33345162868499758,"w":0.2803744673728943},"size":9.490981101989746,"orthographic":false}