{"cameraMode":{"drawMode":0,"name":"Shaded","section":"Shading Mode"},"sceneLighting":true,"audioPlay":false,"sceneViewState":{"m_AlwaysRefresh":false,"showFog":true,"showSkybox":true,"showFlares":true,"showImageEffects":true,"showParticleSystems":true,"showVisualEffectGraphs":true,"m_FxEnabled":true},"in2DMode":false,"pivot":{"x":-6.721855163574219,"y":0.22154998779296876,"z":-3.9972763061523439},"rotation":{"x":-0.06588459014892578,"y":0.8962687849998474,"z":-0.14234133064746858,"w":-0.414850652217865},"size":19.159503936767579,"orthographic":false}