{"cameraMode":{"drawMode":0,"name":"Shaded","section":"Shading Mode"},"sceneLighting":false,"audioPlay":false,"sceneViewState":{"m_AlwaysRefresh":false,"showFog":true,"showSkybox":false,"showFlares":true,"showImageEffects":true,"showParticleSystems":true,"showVisualEffectGraphs":true,"m_FxEnabled":true},"in2DMode":false,"pivot":{"x":1.5158137083053589,"y":-0.7238351106643677,"z":-0.6339010000228882},"rotation":{"x":0.08364231884479523,"y":0.8662188649177551,"z":-0.1549420952796936,"w":0.4676096439361572},"size":1.0821774005889893,"orthographic":false}